Darko,asdasdasdas,dasdasdasda,20 10 21,21:54,Ne tochno
Darko,sd111111111,11111111111,20 10 21,21:54,Ne tochno
Darko,11111111111,11111111111,20-10-21,21:54,Tochno
Darko,11111111111,11111111111,20-10-21,21:54,Tochno
Darko,11111111111,11111111111,20-10-21,21:54,Tochno
Darko,11111111111,11111111111,20-10-21,21:54,Tochno
Darko,11111111111,11111111111,20-10-21,21:54,Tochno
Darko,11111111111,11111111111,20-10-21,21:54,Tochno
Darko,11111111111,11111111111,20-10-21,21:54,Tochno
Darko,11111111111,11111111111,20-10-21,21:54,Tochno
Darko,11111111111,11111111111,20-10-21,21:54,Tochno
Darko,11111111111,11111111111,20-10-21,21:54,Tochno
Darko,11111111111,11111111111,20-10-21,21:54,Tochno
Darko,11111111111,11111111111,20-10-21,21:54,Tochno
Darko,11111111111,11111111111,20-10-21,21:54,Tochno
Darko,11111111111,11111111111,20-10-21,21:54,Tochno
Darko,11111111111,11111111111,20-10-21,21:54,Tochno
Darko,11111111111,11111111111,20-10-21,21:54,Tochno
Darko,11111111111,11111111111,20-10-21,21:54,Tochno
Darko,11111111111,11111111111,20-10-21,21:54,Tochno
Darko,11111111111,11111111111,20-10-21,21:54,Tochno
Darko,11111111111,11111111111,20-10-21,21:54,Tochno
Darko,11111111111,11111111111,20-10-21,21:54,Tochno
Darko,11111111111,11111111111,20-10-21,21:54,Tochno
Darko,11111111111,11111111111,20-10-21,21:54,Tochno
Darko,11111111111,11111111111,20-10-21,21:54,Tochno
Darko,11111111111,11111111111,20-10-21,21:54,Tochno
Darko,11111111111,11111111111,20-10-21,21:54,Tochno
Darko,11111111111,11111111111,20-10-21,21:54,Tochno
Darko,11111111111,11111111111,20-10-21,21:54,Tochno
Darko,11111111111,11111111111,20-10-21,21:54,Tochno
Darko,11111111111,11111111111,20-10-21,21:54,Tochno
Darko,11111111111,11111111111,20-10-21,21:54,Tochno
